1	VA.0	E
2	VA.1	E
3	QA.3	E
4	AA.0	M
5	SA.0	M
6	AA.0	M
7	QA.0	M
8	VA.2	E
9	QA.1	M
10	QA.2	M
11	CA.8	E
12	CS.3	E
13	CS.5	E
14	CS.9	M
15	MA.5	E
16	MA.6	M
17	SS.6	E
18	SS.5	M
19	SS.6	M
20	PW.15	M
21	PW.3	M
22	MA.3	H
23	PE.1	M
24	LA.0	E
25	PR.4	M
26	PE.0	M
27	SS.2	M
28	PW.8	M
29	CI.5	M
30	MA.4	E
31	SS.2	M
32	CI.1	M
33	PW.2	H
34	DE.0	M
35	PR.12	E
36	CS.6	M
37	AE.3	M
38	CS.8	M
39	MS.1	M
40	DL.3	E
41	PW.9	M
42	CA.5	M
43	EF.12	M
44	AE.0	M
45	PR.6	E
46	CS.11	M
47	MA.7	M
48	MA.5	M
49	SS.0	M
50	SS.3	H
51	CI.4	M
52	CI.8	M
53	MA.0	H
54	CI.5	H
55	PE.4	M
56	DL.0	M
57	DL.0	M
58	PE.3	M
59	AE.1	M
60	PW.13	M
61	EF.10	E
62	CA.15	M
63	SS.4	M
64	CI.10	M
65	CA.8	E
