1	VA.1	E
2	VA.0	E
3	QA.1	M
4	AA.0	E
5	QA.3	M
6	VA.3	E
7	AA.2	M
8	SA.0	M
9	SA.0	E
10	QA.3	M
11	LA.0	E
12	DE.5	E
13	CA.4	E
14	PR.0	E
15	HT.2	E
16	FM.6	E
17	FM.7	E
18	TD.2	M
19	AP.3	E
20	MT.0	E
21	CF.8	E
22	MD.1	E
23	CM.0	E
24	MC.7	E
25	MI.0	E
26	EM.4	E
27	EM.2	E
28	SM.2	E
29	TM.5	M
30	MD.4	M
31	NM.1	E
32	AP.1	E
33	CF.8	M
34	CF.2	M
35	VB.0	M
36	CA.3	E
37	PP.2	M
38	CF.1	M
39	CF.5	M
40	AM.0	M
41	CF.5	M
42	VB.0	M
43	MD.2	M
44	FM.8	M
45	CV.2	M
46	CA.4	E
47	DE.2	M
48	HT.6	M
49	FM.6	M
50	FM.3	E
51	HT.2	M
52	AP.0	M
53	AP.4	M
54	TD.3	M
55	AP.3	E
56	SM.1	M
57	SM.4	M
58	SM.10	M
59	TM.3	M
60	TM.0	M
61	MD.3	M
62	CF.2	M
63	MC.5	M
64	PP.8	H
65	OR.6	M
