1	VA.1	M
2	SA.1	M
3	QA.1	M
4	QA.1	M
5	QA.0	E
6	VA.2	E
7	QA.3	E
8	QA.0	M
9	SA.1	M
10	SA.0	M
11	PS.11	E
12	PS.1	E
13	LA.5	E
14	PD.6	M
15	CO.2	E
16	PD.1	E
17	SL.6	M
18	SL.0	E
19	UL.0	M
20	SL.4	M
21	PD.1	M
22	SL.5	M
23	AI.0	M
24	AI.2	M
25	AI.0	E
26	DB.1	M
27	DB.4	E
28	PD.1	M
29	AI.1	M
30	PD.4	M
31	DB.1	E
32	PD.1	E
33	CO.0	E
34	PS.6	E
35	LA.6	M
36	PS.5	M
37	CO.0	M
38	PD.0	E
39	PD.0	E
40	PD.2	E
41	PD.0	E
42	UL.1	M
43	SL.10	M
44	AI.0	M
45	PD.3	M
46	DB.2	M
47	LA.0	M
48	LA.4	M
49	LA.7	M
50	CO.2	M
51	PD.6	E
52	PD.1	M
53	SL.0	E
54	AI.1	M
55	DB.3	M
56	PS.11	M
57	PS.11	E
58	PS.4	E
59	PS.13	M
60	CO.0	M
61	LA.9	M
62	SL.7	M
63	SL.3	M
64	AI.2	M
65	PS.6	M
